tenantid,propertyid,tenant_name,contact_number,email,move_in_date,blockid,estateid,patchid,property_age_years,propertytype,tenancy_start_date,tenancy_type,household_size,vulnerability_flag,disability_flag,income_band,age_of_tenant
1,362,Tenant 1,7201710492,tenant1@example.com,2018-12-24 08:40:37.449713,21.0,,1,74,House,2015-10-27,Introductory,2,False,False,<£15k,78
2,74,Tenant 2,7209422179,tenant2@example.com,2015-04-05 08:40:37.449724,5.0,3.0,2,78,Flat,2022-02-26,Assured Shorthold,4,False,False,£25k–£40k,48
3,375,Tenant 3,7250101639,tenant3@example.com,2022-10-19 08:40:37.449728,22.0,,1,71,Flat,2020-12-19,Assured Shorthold,3,False,False,<£15k,39
4,156,Tenant 4,7112838650,tenant4@example.com,2023-06-21 08:40:37.449732,2.0,1.0,2,15,Block of Flats,2021-06-01,Assured Shorthold,5,False,False,<£15k,60
5,105,Tenant 5,7991605503,tenant5@example.com,2015-05-28 08:40:37.449738,5.0,3.0,2,78,Flat,2021-07-06,Secure,1,True,False,<£15k,84
6,395,Tenant 6,7338680070,tenant6@example.com,2022-09-11 08:40:37.449745,21.0,,3,74,Flat,2016-01-17,Secure,3,False,False,£15k–£25k,71
7,378,Tenant 7,7312743722,tenant7@example.com,2019-09-02 08:40:37.449752,20.0,,1,29,Flat,2020-01-10,Introductory,4,False,False,£25k–£40k,27
8,125,Tenant 8,7499689381,tenant8@example.com,2016-06-18 08:40:37.449759,5.0,3.0,5,78,Block of Flats,2018-07-28,Introductory,1,False,True,£15k–£25k,59
9,69,Tenant 9,7776776838,tenant9@example.com,2016-12-06 08:40:37.449764,5.0,3.0,4,78,Flat,2023-03-27,Introductory,1,False,False,<£15k,81
10,451,Tenant 10,7190236646,tenant10@example.com,2017-08-18 08:40:37.449767,,,6,73,Flat,2021-02-13,License,3,False,False,£25k–£40k,38
11,10,Tenant 11,7729340221,tenant11@example.com,2021-04-04 08:40:37.449770,6.0,4.0,2,8,Flat,2023-08-10,Assured Shorthold,2,False,False,£25k–£40k,83
12,195,Tenant 12,7972680546,tenant12@example.com,2023-04-27 08:40:37.449773,1.0,1.0,7,66,House,2020-06-14,Assured Shorthold,3,False,False,£25k–£40k,58
13,407,Tenant 13,7123407763,tenant13@example.com,2023-06-09 08:40:37.449776,20.0,,6,29,House,2018-08-31,Introductory,1,False,False,<£15k,41
14,85,Tenant 14,7312332805,tenant14@example.com,2016-12-01 08:40:37.449779,9.0,5.0,7,103,Flat,2015-01-30,Assured Shorthold,3,True,False,£15k–£25k,52
15,372,Tenant 15,7576130756,tenant15@example.com,2022-09-19 08:40:37.449781,19.0,,8,47,Flat,2015-10-30,Assured Shorthold,1,False,False,£40k+,73
16,389,Tenant 16,7198761306,tenant16@example.com,2020-06-10 08:40:37.449784,18.0,,1,47,Flat,2016-07-08,Introductory,1,False,False,£25k–£40k,47
17,496,Tenant 17,7231563076,tenant17@example.com,2023-09-07 08:40:37.449787,,,7,73,House,2024-02-26,Introductory,1,False,False,<£15k,74
18,31,Tenant 18,7594989531,tenant18@example.com,2023-08-05 08:40:37.449790,6.0,4.0,5,8,Flat,2019-11-24,Secure,3,False,False,<£15k,64
19,317,Tenant 19,7280377032,tenant19@example.com,2017-09-22 08:40:37.449793,20.0,,3,29,Flat,2015-04-04,Secure,3,False,False,£15k–£25k,52
20,409,Tenant 20,7565098113,tenant20@example.com,2016-01-14 08:40:37.449795,19.0,,4,47,Flat,2022-05-28,Secure,2,False,False,£40k+,36
21,491,Tenant 21,7524126612,tenant21@example.com,2018-08-06 08:40:37.449798,,,8,73,Flat,2017-12-18,Assured Shorthold,2,True,False,£15k–£25k,25
22,492,Tenant 22,7131656371,tenant22@example.com,2019-11-14 08:40:37.449800,,,5,73,House,2020-05-12,Secure,4,False,False,£15k–£25k,43
23,281,Tenant 23,7833594284,tenant23@example.com,2019-05-18 08:40:37.449803,20.0,,4,29,Flat,2016-09-12,Assured Shorthold,2,False,False,<£15k,47
24,357,Tenant 24,7285550328,tenant24@example.com,2020-03-11 08:40:37.449805,19.0,,2,47,Flat,2017-11-06,Assured Shorthold,3,True,False,£15k–£25k,24
25,77,Tenant 25,7330549659,tenant25@example.com,2022-01-23 08:40:37.449808,11.0,6.0,4,49,Flat,2021-03-08,Secure,2,False,False,£25k–£40k,84
26,462,Tenant 26,7395259429,tenant26@example.com,2021-01-08 08:40:37.449811,,,5,73,Flat,2021-11-23,Assured Shorthold,2,False,False,£15k–£25k,82
27,498,Tenant 27,7578901124,tenant27@example.com,2022-06-30 08:40:37.449819,,,4,73,House,2018-02-23,Secure,2,True,False,£25k–£40k,53
28,212,Tenant 28,7137204552,tenant28@example.com,2017-04-10 08:40:37.449821,12.0,7.0,7,80,Flat,2021-04-08,Secure,2,False,False,£40k+,42
29,102,Tenant 29,7764835755,tenant29@example.com,2017-03-29 08:40:37.449824,17.0,10.0,2,25,Flat,2023-04-03,Introductory,3,False,False,<£15k,54
30,335,Tenant 30,7363909394,tenant30@example.com,2016-11-25 08:40:37.449827,21.0,,6,74,House,2015-03-30,Secure,2,False,False,£15k–£25k,18
31,476,Tenant 31,7416866759,tenant31@example.com,2018-07-26 08:40:37.449829,,,8,73,Block of Flats,2024-06-14,Secure,1,True,False,<£15k,32
32,337,Tenant 32,7542373256,tenant32@example.com,2017-12-26 08:40:37.449832,20.0,,5,29,House,2018-03-19,Assured Shorthold,4,False,False,£25k–£40k,54
33,441,Tenant 33,7614355545,tenant33@example.com,2023-06-24 08:40:37.449835,,,1,73,Flat,2022-06-19,Introductory,2,False,False,£15k–£25k,30
34,174,Tenant 34,7194190297,tenant34@example.com,2021-01-09 08:40:37.449837,11.0,6.0,4,49,Flat,2016-07-23,Secure,2,False,False,£15k–£25k,25
35,3,Tenant 35,7511259527,tenant35@example.com,2022-08-15 08:40:37.449840,10.0,5.0,5,80,Flat,2023-03-19,Assured Shorthold,4,False,False,£25k–£40k,22
36,334,Tenant 36,7550149967,tenant36@example.com,2021-12-04 08:40:37.449843,19.0,,3,47,Flat,2021-07-19,Secure,3,False,False,£15k–£25k,77
37,410,Tenant 37,7790042893,tenant37@example.com,2015-03-22 08:40:37.449845,22.0,,6,71,House,2017-07-04,Secure,1,False,True,£40k+,18
38,71,Tenant 38,7664588547,tenant38@example.com,2021-05-14 08:40:37.449848,2.0,1.0,2,15,House,2018-11-27,Assured Shorthold,4,True,False,£15k–£25k,53
39,210,Tenant 39,7777267364,tenant39@example.com,2015-03-02 08:40:37.449850,10.0,5.0,5,80,House,2016-12-27,Assured Shorthold,3,True,False,<£15k,52
40,64,Tenant 40,7683746914,tenant40@example.com,2015-04-01 08:40:37.449853,1.0,1.0,1,66,Flat,2021-11-03,Assured Shorthold,2,False,False,£15k–£25k,83
41,385,Tenant 41,7120970156,tenant41@example.com,2019-11-15 08:40:37.449856,19.0,,5,47,Flat,2019-07-26,Assured Shorthold,1,False,False,£25k–£40k,80
42,94,Tenant 42,7939575663,tenant42@example.com,2016-02-29 08:40:37.449858,17.0,10.0,6,25,Flat,2023-12-29,License,3,False,False,£15k–£25k,40
43,486,Tenant 43,7485593692,tenant43@example.com,2018-10-13 08:40:37.449861,,,6,73,Flat,2016-04-13,Assured Shorthold,3,False,False,£25k–£40k,26
44,186,Tenant 44,7684671539,tenant44@example.com,2015-05-26 08:40:37.449863,13.0,8.0,5,37,House,2017-01-09,Secure,2,False,False,£40k+,51
45,34,Tenant 45,7620420638,tenant45@example.com,2020-04-20 08:40:37.449866,16.0,9.0,2,47,Flat,2016-04-13,Introductory,4,False,False,<£15k,63
46,78,Tenant 46,7707363258,tenant46@example.com,2018-07-12 08:40:37.449873,17.0,10.0,4,25,Flat,2022-12-21,Secure,3,False,False,£40k+,21
47,1,Tenant 47,7445320116,tenant47@example.com,2019-10-22 08:40:37.449876,1.0,1.0,7,66,Flat,2019-04-24,Assured Shorthold,1,False,False,<£15k,47
48,12,Tenant 48,7390378111,tenant48@example.com,2022-02-22 08:40:37.449878,17.0,10.0,7,25,Flat,2021-01-15,Secure,2,False,False,<£15k,20
49,416,Tenant 49,7127984900,tenant49@example.com,2020-08-01 08:40:37.449881,21.0,,1,74,House,2016-08-17,Secure,1,False,False,<£15k,31
50,23,Tenant 50,7741148802,tenant50@example.com,2021-09-14 08:40:37.449884,2.0,1.0,2,15,Flat,2020-04-29,License,3,False,False,£25k–£40k,77
51,73,Tenant 51,7131464348,tenant51@example.com,2015-06-07 08:40:37.449886,1.0,1.0,1,66,Flat,2015-09-29,Introductory,1,False,False,£15k–£25k,62
52,183,Tenant 52,7401649155,tenant52@example.com,2023-07-04 08:40:37.449889,12.0,7.0,6,80,Flat,2022-09-28,Assured Shorthold,2,False,False,<£15k,51
53,132,Tenant 53,7968285490,tenant53@example.com,2018-11-14 08:40:37.449891,13.0,8.0,5,37,Flat,2018-11-06,Assured Shorthold,3,True,False,£15k–£25k,62
54,411,Tenant 54,7668473595,tenant54@example.com,2020-02-25 08:40:37.449894,19.0,,3,47,Flat,2016-08-08,Secure,4,False,False,£15k–£25k,78
55,194,Tenant 55,7923390510,tenant55@example.com,2017-08-11 08:40:37.449897,4.0,2.0,7,51,Flat,2018-06-13,Secure,2,False,False,<£15k,33
56,56,Tenant 56,7349926429,tenant56@example.com,2022-05-16 08:40:37.449899,3.0,1.0,4,57,Flat,2020-12-16,Secure,3,False,False,£25k–£40k,83
57,149,Tenant 57,7207518427,tenant57@example.com,2021-05-19 08:40:37.449902,13.0,8.0,1,37,Block of Flats,2017-11-04,Assured Shorthold,1,False,False,£25k–£40k,57
58,19,Tenant 58,7805302800,tenant58@example.com,2021-06-16 08:40:37.449904,7.0,4.0,8,98,Flat,2022-11-13,Assured Shorthold,3,False,False,£15k–£25k,34
59,205,Tenant 59,7386181187,tenant59@example.com,2018-03-06 08:40:37.449906,7.0,4.0,4,98,Flat,2018-01-15,Assured Shorthold,1,False,False,£40k+,51
60,79,Tenant 60,7976479512,tenant60@example.com,2015-04-16 08:40:37.449909,16.0,9.0,7,47,Flat,2018-11-13,Secure,2,False,False,£15k–£25k,33
61,495,Tenant 61,7891412300,tenant61@example.com,2023-07-14 08:40:37.449912,,,5,73,Flat,2023-11-07,License,3,False,False,£40k+,77
62,263,Tenant 62,7920392140,tenant62@example.com,2021-09-13 08:40:37.449914,19.0,,5,47,House,2018-12-03,Assured Shorthold,1,False,False,£15k–£25k,83
63,324,Tenant 63,7718144695,tenant63@example.com,2015-03-21 08:40:37.449916,19.0,,2,47,Flat,2016-10-11,Assured Shorthold,1,False,False,£15k–£25k,83
64,484,Tenant 64,7517065508,tenant64@example.com,2020-03-07 08:40:37.449919,,,6,73,Flat,2015-02-26,Assured Shorthold,3,False,False,<£15k,30
65,80,Tenant 65,7286521875,tenant65@example.com,2022-03-09 08:40:37.449922,9.0,5.0,4,103,Flat,2017-05-11,Assured Shorthold,3,False,False,£25k–£40k,73
66,40,Tenant 66,7353994846,tenant66@example.com,2017-07-08 08:40:37.449924,5.0,3.0,3,78,Flat,2016-06-12,Secure,3,False,False,£15k–£25k,48
67,452,Tenant 67,7441454588,tenant67@example.com,2015-11-19 08:40:37.449927,,,6,73,House,2020-10-11,Secure,3,False,False,<£15k,51
68,47,Tenant 68,7849070816,tenant68@example.com,2020-02-20 08:40:37.449929,8.0,4.0,8,15,Flat,2018-08-27,Introductory,2,False,False,<£15k,56
69,239,Tenant 69,7735185398,tenant69@example.com,2023-11-05 08:40:37.449932,22.0,,3,71,Flat,2020-09-14,Secure,2,False,False,£15k–£25k,84
70,392,Tenant 70,7855326778,tenant70@example.com,2016-04-21 08:40:37.449934,18.0,,3,47,Flat,2016-04-15,Secure,2,True,False,£15k–£25k,25
71,353,Tenant 71,7477615830,tenant71@example.com,2017-10-17 08:40:37.449937,22.0,,1,71,Flat,2020-06-18,Secure,1,False,False,£25k–£40k,72
72,342,Tenant 72,7705167856,tenant72@example.com,2022-07-26 08:40:37.449940,20.0,,4,29,Flat,2017-07-06,Secure,4,False,False,£25k–£40k,44
73,278,Tenant 73,7704633564,tenant73@example.com,2022-01-18 08:40:37.449942,20.0,,6,29,Flat,2022-05-22,Introductory,2,False,False,<£15k,70
74,291,Tenant 74,7998396384,tenant74@example.com,2018-08-22 08:40:37.449944,18.0,,1,47,Flat,2024-06-01,Assured Shorthold,2,False,False,£25k–£40k,56
75,318,Tenant 75,7682101860,tenant75@example.com,2020-09-11 08:40:37.449947,19.0,,1,47,Flat,2018-05-05,Assured Shorthold,2,False,False,<£15k,82
76,305,Tenant 76,7288502642,tenant76@example.com,2018-08-30 08:40:37.449950,18.0,,2,47,Flat,2015-11-18,Secure,4,False,False,£25k–£40k,34
77,269,Tenant 77,7140763261,tenant77@example.com,2023-02-24 08:40:37.449952,19.0,,7,47,Flat,2019-02-27,Assured Shorthold,1,False,False,£25k–£40k,47
78,70,Tenant 78,7160309911,tenant78@example.com,2021-07-21 08:40:37.449955,13.0,8.0,6,37,House,2020-03-03,Assured Shorthold,2,False,False,£15k–£25k,70
79,456,Tenant 79,7746030501,tenant79@example.com,2021-09-15 08:40:37.449958,,,3,73,Flat,2015-01-15,Secure,2,False,False,£25k–£40k,30
80,466,Tenant 80,7121397518,tenant80@example.com,2018-04-04 08:40:37.449960,,,7,73,House,2016-02-05,Assured Shorthold,3,False,False,£15k–£25k,38
81,155,Tenant 81,7613236768,tenant81@example.com,2024-02-26 08:40:37.449962,3.0,1.0,5,57,House,2021-09-18,Secure,1,False,False,£15k–£25k,36
82,83,Tenant 82,7456196659,tenant82@example.com,2017-04-10 08:40:37.449965,14.0,9.0,5,24,House,2015-01-13,Assured Shorthold,4,False,True,£25k–£40k,70
83,478,Tenant 83,7316320731,tenant83@example.com,2022-09-12 08:40:37.449967,,,8,73,Block of Flats,2017-05-10,Assured Shorthold,4,False,True,£15k–£25k,36
84,173,Tenant 84,7465887237,tenant84@example.com,2016-02-14 08:40:37.449970,4.0,2.0,3,51,Flat,2021-06-02,Secure,2,True,False,£15k–£25k,74
85,322,Tenant 85,7290546084,tenant85@example.com,2020-07-13 08:40:37.449972,19.0,,5,47,Flat,2020-05-27,Secure,3,False,False,£15k–£25k,42
86,91,Tenant 86,7163947730,tenant86@example.com,2023-12-01 08:40:37.449975,10.0,5.0,8,80,Flat,2022-08-03,Assured Shorthold,4,False,False,£25k–£40k,48
87,181,Tenant 87,7258604568,tenant87@example.com,2017-08-01 08:40:37.449978,10.0,5.0,5,80,Block of Flats,2017-10-21,Assured Shorthold,3,False,False,£15k–£25k,72
88,415,Tenant 88,7856661933,tenant88@example.com,2022-07-28 08:40:37.449981,20.0,,3,29,Flat,2016-11-27,Introductory,1,False,False,<£15k,40
89,313,Tenant 89,7931469703,tenant89@example.com,2022-12-01 08:40:37.449984,21.0,,4,74,Flat,2020-03-09,Assured Shorthold,2,True,False,£25k–£40k,49
90,279,Tenant 90,7665104817,tenant90@example.com,2020-01-26 08:40:37.449986,18.0,,1,47,Block of Flats,2024-01-26,Secure,3,False,False,£25k–£40k,79
91,382,Tenant 91,7177880216,tenant91@example.com,2019-12-21 08:40:37.449989,20.0,,6,29,Flat,2023-12-17,Secure,2,False,False,<£15k,27
92,473,Tenant 92,7856491925,tenant92@example.com,2016-09-25 08:40:37.449991,,,3,73,Flat,2019-02-01,Assured Shorthold,3,False,False,<£15k,71
93,363,Tenant 93,7524767500,tenant93@example.com,2017-08-03 08:40:37.449994,18.0,,1,47,Flat,2021-10-14,Secure,4,False,False,<£15k,69
94,325,Tenant 94,7208482467,tenant94@example.com,2020-05-21 08:40:37.449996,22.0,,6,71,Block of Flats,2018-03-02,Assured Shorthold,4,False,False,£15k–£25k,37
95,432,Tenant 95,7424017866,tenant95@example.com,2020-07-17 08:40:37.449999,,,6,73,Flat,2022-04-12,License,2,True,False,£15k–£25k,49
96,348,Tenant 96,7246513857,tenant96@example.com,2022-05-24 08:40:37.450002,22.0,,4,71,Flat,2015-05-12,Assured Shorthold,1,False,False,£25k–£40k,31
97,87,Tenant 97,7886356993,tenant97@example.com,2019-04-06 08:40:37.450004,11.0,6.0,6,49,Flat,2023-04-07,Secure,5,False,False,£15k–£25k,67
98,76,Tenant 98,7950234433,tenant98@example.com,2016-12-28 08:40:37.450006,2.0,1.0,2,15,House,2021-01-07,Assured Shorthold,3,False,True,£15k–£25k,45
99,439,Tenant 99,7623127037,tenant99@example.com,2016-11-17 08:40:37.450009,,,7,73,House,2021-09-23,Assured Shorthold,1,False,False,£15k–£25k,70
100,16,Tenant 100,7440680449,tenant100@example.com,2022-03-17 08:40:37.450012,8.0,4.0,5,15,Flat,2018-02-04,Assured Shorthold,4,False,False,£25k–£40k,41
101,250,Tenant 101,7859331874,tenant101@example.com,2017-11-10 08:40:37.450015,21.0,,3,74,House,2016-12-07,License,4,True,True,£15k–£25k,39
102,434,Tenant 102,7844704803,tenant102@example.com,2017-04-12 08:40:37.450017,,,8,73,Block of Flats,2023-08-03,Secure,2,True,False,£40k+,47
103,20,Tenant 103,7945026004,tenant103@example.com,2020-02-28 08:40:37.450020,10.0,5.0,3,80,Flat,2022-02-08,License,2,False,True,£15k–£25k,80
104,323,Tenant 104,7339699130,tenant104@example.com,2016-09-11 08:40:37.450026,21.0,,4,74,Block of Flats,2021-07-25,License,2,False,False,<£15k,21
105,333,Tenant 105,7732380409,tenant105@example.com,2022-03-12 08:40:37.450031,20.0,,4,29,Flat,2022-05-06,Secure,1,False,False,£15k–£25k,76
106,57,Tenant 106,7506286844,tenant106@example.com,2020-09-20 08:40:37.450037,7.0,4.0,8,98,Flat,2018-04-24,Secure,2,False,False,£15k–£25k,25
107,302,Tenant 107,7888121101,tenant107@example.com,2016-06-09 08:40:37.450042,19.0,,1,47,Block of Flats,2022-06-03,Secure,3,False,False,£15k–£25k,29
108,230,Tenant 108,7416235507,tenant108@example.com,2022-09-25 08:40:37.450047,22.0,,5,71,Flat,2018-05-23,Secure,1,False,False,<£15k,48
109,332,Tenant 109,7290812817,tenant109@example.com,2015-12-27 08:40:37.450050,22.0,,1,71,Flat,2023-06-22,Secure,2,False,False,<£15k,51
110,133,Tenant 110,7101930485,tenant110@example.com,2016-04-15 08:40:37.450052,2.0,1.0,1,15,Flat,2023-03-01,Assured Shorthold,2,True,False,£25k–£40k,66
111,138,Tenant 111,7715076673,tenant111@example.com,2019-10-09 08:40:37.450055,5.0,3.0,1,78,Block of Flats,2015-12-28,Secure,2,False,False,<£15k,74
112,424,Tenant 112,7927672827,tenant112@example.com,2017-10-18 08:40:37.450058,22.0,,3,71,Flat,2021-04-12,Secure,4,True,True,£25k–£40k,43
113,336,Tenant 113,7134770706,tenant113@example.com,2022-02-13 08:40:37.450060,18.0,,8,47,Flat,2018-11-12,Introductory,2,False,False,<£15k,35
114,26,Tenant 114,7746809909,tenant114@example.com,2020-08-04 08:40:37.450063,5.0,3.0,6,78,Flat,2024-05-02,Secure,2,False,False,£15k–£25k,55
115,465,Tenant 115,7968449816,tenant115@example.com,2017-04-21 08:40:37.450066,,,4,73,Block of Flats,2017-06-24,Introductory,3,False,False,£15k–£25k,67
116,282,Tenant 116,7337184468,tenant116@example.com,2016-12-27 08:40:37.450068,22.0,,4,71,Flat,2020-10-07,Secure,2,False,False,£15k–£25k,25
117,248,Tenant 117,7707254955,tenant117@example.com,2022-12-29 08:40:37.450071,19.0,,1,47,House,2021-05-10,Secure,1,False,False,£15k–£25k,58
118,238,Tenant 118,7632774653,tenant118@example.com,2022-08-01 08:40:37.450073,18.0,,6,47,Flat,2018-12-17,Assured Shorthold,2,False,False,<£15k,23
119,118,Tenant 119,7455589390,tenant119@example.com,2015-10-21 08:40:37.450076,10.0,5.0,6,80,Flat,2017-02-17,Assured Shorthold,1,False,False,<£15k,61
120,43,Tenant 120,7183544242,tenant120@example.com,2021-06-29 08:40:37.450078,16.0,9.0,2,47,Block of Flats,2020-06-01,Introductory,1,True,False,£15k–£25k,81
121,221,Tenant 121,7472384530,tenant121@example.com,2020-07-30 08:40:37.450081,7.0,4.0,3,98,Flat,2015-12-06,Assured Shorthold,2,False,False,£15k–£25k,46
122,177,Tenant 122,7280267742,tenant122@example.com,2017-01-10 08:40:37.450083,15.0,9.0,3,23,Flat,2021-04-30,Introductory,2,False,False,£40k+,45
123,321,Tenant 123,7195268824,tenant123@example.com,2016-03-18 08:40:37.450086,19.0,,8,47,Flat,2020-05-05,Secure,4,True,False,£25k–£40k,28
124,154,Tenant 124,7819433407,tenant124@example.com,2016-12-29 08:40:37.450091,15.0,9.0,3,23,House,2017-04-13,Secure,2,False,False,£25k–£40k,82
125,232,Tenant 125,7883064819,tenant125@example.com,2020-05-24 08:40:37.450094,21.0,,4,74,Flat,2023-06-10,Introductory,2,True,False,£25k–£40k,36
126,228,Tenant 126,7579565240,tenant126@example.com,2024-01-13 08:40:37.450096,22.0,,6,71,House,2019-11-11,Introductory,3,True,False,£15k–£25k,26
127,418,Tenant 127,7384769690,tenant127@example.com,2021-10-23 08:40:37.450099,21.0,,2,74,Flat,2023-05-14,License,1,False,False,<£15k,44
128,204,Tenant 128,7367942460,tenant128@example.com,2016-05-21 08:40:37.450101,9.0,5.0,1,103,Flat,2018-02-11,Assured Shorthold,3,False,False,£40k+,51
129,127,Tenant 129,7172794091,tenant129@example.com,2020-03-25 08:40:37.450104,4.0,2.0,2,51,Flat,2023-06-23,Secure,1,False,False,£15k–£25k,61
130,330,Tenant 130,7375584366,tenant130@example.com,2015-05-03 08:40:37.450107,20.0,,8,29,Flat,2019-08-05,Introductory,5,False,True,£15k–£25k,32
131,32,Tenant 131,7216001265,tenant131@example.com,2016-01-31 08:40:37.450109,9.0,5.0,1,103,House,2018-04-10,Secure,1,False,False,<£15k,68
132,114,Tenant 132,7101375634,tenant132@example.com,2023-08-15 08:40:37.450111,6.0,4.0,6,8,Flat,2016-02-13,License,2,False,False,£15k–£25k,30
133,471,Tenant 133,7514396801,tenant133@example.com,2019-04-01 08:40:37.450114,,,5,73,House,2018-10-17,Introductory,1,False,True,£15k–£25k,66
134,272,Tenant 134,7886606608,tenant134@example.com,2019-06-16 08:40:37.450117,19.0,,8,47,Flat,2016-01-10,Assured Shorthold,5,True,False,£25k–£40k,73
135,141,Tenant 135,7278604541,tenant135@example.com,2019-07-09 08:40:37.450119,14.0,9.0,8,24,House,2018-07-15,Introductory,2,False,False,£15k–£25k,68
136,58,Tenant 136,7629442753,tenant136@example.com,2019-11-30 08:40:37.450121,11.0,6.0,1,49,Flat,2023-12-18,Introductory,2,False,False,£15k–£25k,54
137,193,Tenant 137,7477131597,tenant137@example.com,2018-01-14 08:40:37.450124,17.0,10.0,1,25,Flat,2019-05-30,Secure,1,True,False,£40k+,34
138,25,Tenant 138,7503026384,tenant138@example.com,2023-01-09 08:40:37.450126,14.0,9.0,4,24,Flat,2022-05-18,License,3,False,False,<£15k,75
139,18,Tenant 139,7989924715,tenant139@example.com,2018-10-14 08:40:37.450129,8.0,4.0,8,15,House,2016-05-11,Assured Shorthold,1,True,True,£15k–£25k,46
140,266,Tenant 140,7946892378,tenant140@example.com,2017-09-05 08:40:37.450131,22.0,,2,71,Flat,2016-01-05,Introductory,4,False,False,<£15k,50
141,67,Tenant 141,7798973247,tenant141@example.com,2015-08-29 08:40:37.450134,9.0,5.0,4,103,House,2015-12-21,Secure,1,False,False,£25k–£40k,77
142,209,Tenant 142,7837832868,tenant142@example.com,2021-08-19 08:40:37.450136,4.0,2.0,6,51,Flat,2023-02-19,Introductory,1,False,False,£40k+,72
143,480,Tenant 143,7274651099,tenant143@example.com,2019-02-06 08:40:37.450139,,,4,73,House,2017-10-16,Secure,1,False,False,<£15k,27
144,95,Tenant 144,7179144854,tenant144@example.com,2015-03-14 08:40:37.450141,13.0,8.0,6,37,House,2019-09-19,Secure,2,False,False,£25k–£40k,64
145,254,Tenant 145,7135876704,tenant145@example.com,2020-11-08 08:40:37.450144,19.0,,5,47,Flat,2022-04-23,License,2,False,False,<£15k,40
146,267,Tenant 146,7121558591,tenant146@example.com,2020-08-02 08:40:37.450146,20.0,,4,29,Flat,2018-08-20,Secure,1,False,False,£40k+,38
147,24,Tenant 147,7380383739,tenant147@example.com,2022-12-27 08:40:37.450148,17.0,10.0,8,25,Flat,2017-01-12,Secure,3,True,False,£25k–£40k,30
148,223,Tenant 148,7179672074,tenant148@example.com,2020-04-29 08:40:37.450151,14.0,9.0,6,24,Flat,2019-04-28,License,2,False,False,£25k–£40k,50
149,262,Tenant 149,7282649071,tenant149@example.com,2019-12-14 08:40:37.450154,21.0,,6,74,Flat,2016-12-01,License,2,False,False,<£15k,41
150,427,Tenant 150,7272769884,tenant150@example.com,2015-12-14 08:40:37.450156,,,1,73,Flat,2020-03-18,Assured Shorthold,2,False,False,£40k+,28
151,6,Tenant 151,7180533234,tenant151@example.com,2018-01-10 08:40:37.450158,3.0,1.0,8,57,Flat,2021-11-18,Assured Shorthold,2,False,False,£25k–£40k,34
152,117,Tenant 152,7199970392,tenant152@example.com,2020-05-15 08:40:37.450161,7.0,4.0,1,98,Flat,2017-03-24,Assured Shorthold,2,False,False,£15k–£25k,64
153,46,Tenant 153,7737835435,tenant153@example.com,2017-04-12 08:40:37.450163,11.0,6.0,4,49,Flat,2020-06-11,Secure,1,False,False,£25k–£40k,42
154,17,Tenant 154,7618334675,tenant154@example.com,2016-04-05 08:40:37.450166,14.0,9.0,4,24,Flat,2017-02-22,Secure,1,False,False,<£15k,38
155,463,Tenant 155,7133278698,tenant155@example.com,2019-04-29 08:40:37.450168,,,6,73,Flat,2021-09-11,Assured Shorthold,4,True,False,£25k–£40k,29
156,358,Tenant 156,7801835431,tenant156@example.com,2022-04-24 08:40:37.450171,21.0,,8,74,Flat,2015-07-04,Introductory,4,True,False,<£15k,54
157,4,Tenant 157,7752102334,tenant157@example.com,2019-04-17 08:40:37.450183,11.0,6.0,7,49,House,2023-02-19,Introductory,2,False,False,£25k–£40k,59
158,219,Tenant 158,7268688902,tenant158@example.com,2023-07-24 08:40:37.450186,17.0,10.0,8,25,Flat,2016-10-21,Introductory,2,False,False,£15k–£25k,34
159,406,Tenant 159,7208724746,tenant159@example.com,2020-06-12 08:40:37.450189,19.0,,4,47,House,2023-06-04,Secure,3,False,False,<£15k,65
160,61,Tenant 160,7320708138,tenant160@example.com,2022-01-11 08:40:37.450191,11.0,6.0,3,49,House,2022-02-16,Assured Shorthold,2,False,False,<£15k,45
161,111,Tenant 161,7539460908,tenant161@example.com,2016-05-05 08:40:37.450194,8.0,4.0,8,15,Flat,2016-09-23,Secure,1,False,False,<£15k,58
162,319,Tenant 162,7694973692,tenant162@example.com,2016-01-24 08:40:37.450197,21.0,,7,74,Block of Flats,2023-06-09,Assured Shorthold,1,False,False,£15k–£25k,64
163,429,Tenant 163,7883803621,tenant163@example.com,2018-02-07 08:40:37.450201,,,1,73,Flat,2023-12-12,Assured Shorthold,3,False,False,£15k–£25k,35
164,30,Tenant 164,7384825874,tenant164@example.com,2016-10-02 08:40:37.450204,4.0,2.0,4,51,Block of Flats,2021-09-01,Introductory,3,False,False,£15k–£25k,30
165,438,Tenant 165,7402283096,tenant165@example.com,2020-10-28 08:40:37.450206,,,8,73,Flat,2019-05-12,Secure,1,False,False,<£15k,30
166,472,Tenant 166,7355065530,tenant166@example.com,2023-02-01 08:40:37.450208,,,8,73,House,2016-06-18,Secure,1,False,False,<£15k,48
167,27,Tenant 167,7153295652,tenant167@example.com,2019-10-03 08:40:37.450211,9.0,5.0,6,103,Flat,2020-06-12,Secure,1,False,True,£25k–£40k,19
168,8,Tenant 168,7713933158,tenant168@example.com,2017-12-30 08:40:37.450214,14.0,9.0,5,24,House,2022-02-23,Introductory,3,False,False,<£15k,33
169,454,Tenant 169,7627151698,tenant169@example.com,2022-06-09 08:40:37.450216,,,6,73,Flat,2016-11-14,Assured Shorthold,1,False,False,£40k+,26
170,109,Tenant 170,7158524142,tenant170@example.com,2020-02-12 08:40:37.450218,16.0,9.0,6,47,Flat,2015-06-11,Secure,1,False,False,£25k–£40k,55
171,38,Tenant 171,7104096941,tenant171@example.com,2019-05-14 08:40:37.450221,17.0,10.0,1,25,Flat,2022-12-20,Secure,3,False,False,£15k–£25k,71
172,158,Tenant 172,7194090232,tenant172@example.com,2020-11-09 08:40:37.450224,7.0,4.0,2,98,Flat,2021-09-19,Assured Shorthold,1,False,False,£15k–£25k,73
173,490,Tenant 173,7984652998,tenant173@example.com,2016-09-26 08:40:37.450226,,,5,73,Flat,2024-04-01,Secure,3,False,False,£25k–£40k,62
174,119,Tenant 174,7771186296,tenant174@example.com,2017-06-06 08:40:37.450228,11.0,6.0,8,49,House,2019-03-31,Introductory,1,False,False,<£15k,51
175,115,Tenant 175,7615748688,tenant175@example.com,2021-12-03 08:40:37.450231,9.0,5.0,7,103,Flat,2019-09-13,Assured Shorthold,1,True,True,<£15k,26
176,176,Tenant 176,7204138894,tenant176@example.com,2023-11-15 08:40:37.450233,6.0,4.0,6,8,House,2017-07-30,Secure,1,True,False,<£15k,25
177,374,Tenant 177,7322214072,tenant177@example.com,2022-03-31 08:40:37.450236,19.0,,8,47,Block of Flats,2018-04-10,Secure,3,False,False,£25k–£40k,24
178,182,Tenant 178,7785252000,tenant178@example.com,2020-11-20 08:40:37.450238,1.0,1.0,7,66,Flat,2016-11-08,License,4,False,False,<£15k,53
179,145,Tenant 179,7187978213,tenant179@example.com,2018-11-07 08:40:37.450241,7.0,4.0,8,98,Flat,2019-12-01,Secure,3,False,False,£15k–£25k,35
180,370,Tenant 180,7224026766,tenant180@example.com,2020-09-13 08:40:37.450243,18.0,,7,47,Flat,2015-08-20,Secure,2,False,False,£40k+,20
181,391,Tenant 181,7942754807,tenant181@example.com,2019-09-14 08:40:37.450246,21.0,,3,74,House,2023-01-12,Introductory,3,False,True,£25k–£40k,45
182,196,Tenant 182,7605672755,tenant182@example.com,2018-09-04 08:40:37.450248,3.0,1.0,2,57,Flat,2021-08-11,License,1,False,False,£15k–£25k,61
183,405,Tenant 183,7809786356,tenant183@example.com,2021-03-10 08:40:37.450252,19.0,,8,47,Flat,2017-06-20,License,2,False,False,<£15k,38
184,276,Tenant 184,7197857474,tenant184@example.com,2016-12-17 08:40:37.450255,19.0,,4,47,House,2021-04-09,Introductory,4,False,True,£25k–£40k,45
185,455,Tenant 185,7684250873,tenant185@example.com,2019-10-25 08:40:37.450257,,,5,73,House,2019-10-18,Secure,1,False,True,£15k–£25k,71
186,142,Tenant 186,7298514700,tenant186@example.com,2020-01-01 08:40:37.450260,14.0,9.0,1,24,Block of Flats,2015-06-09,Secure,1,True,True,<£15k,71
187,366,Tenant 187,7509573649,tenant187@example.com,2020-01-07 08:40:37.450262,18.0,,7,47,Flat,2015-11-13,Introductory,1,False,False,<£15k,82
188,68,Tenant 188,7300341906,tenant188@example.com,2019-03-01 08:40:37.450265,2.0,1.0,1,15,House,2019-07-13,Assured Shorthold,1,False,False,£40k+,38
189,211,Tenant 189,7147907058,tenant189@example.com,2021-03-17 08:40:37.450267,10.0,5.0,7,80,House,2017-04-28,Assured Shorthold,1,False,False,£15k–£25k,30
190,169,Tenant 190,7572167680,tenant190@example.com,2018-12-12 08:40:37.450269,14.0,9.0,7,24,Flat,2017-01-14,License,2,False,False,£25k–£40k,74
191,494,Tenant 191,7382824466,tenant191@example.com,2021-08-16 08:40:37.450272,,,6,73,Flat,2017-05-19,Secure,2,False,False,£25k–£40k,66
192,376,Tenant 192,7998806471,tenant192@example.com,2021-02-23 08:40:37.450274,19.0,,4,47,Flat,2020-02-20,Assured Shorthold,4,False,False,£15k–£25k,71
193,401,Tenant 193,7705855162,tenant193@example.com,2023-06-21 08:40:37.450277,20.0,,8,29,Flat,2016-02-18,Secure,3,False,False,£15k–£25k,27
194,273,Tenant 194,7262275325,tenant194@example.com,2015-09-22 08:40:37.450279,19.0,,8,47,Block of Flats,2017-02-19,Assured Shorthold,2,False,False,£15k–£25k,70
195,110,Tenant 195,7847829989,tenant195@example.com,2016-09-04 08:40:37.450282,16.0,9.0,7,47,Flat,2022-05-02,Secure,2,False,False,£15k–£25k,61
196,249,Tenant 196,7203833652,tenant196@example.com,2023-03-14 08:40:37.450284,18.0,,1,47,House,2021-08-19,Secure,2,False,False,£15k–£25k,64
197,146,Tenant 197,7817411121,tenant197@example.com,2020-04-21 08:40:37.450287,13.0,8.0,7,37,House,2020-01-05,Secure,2,False,False,£25k–£40k,70
198,93,Tenant 198,7967776836,tenant198@example.com,2018-02-02 08:40:37.450289,16.0,9.0,2,47,Flat,2020-10-11,Assured Shorthold,2,False,False,£15k–£25k,63
199,153,Tenant 199,7544514776,tenant199@example.com,2015-09-05 08:40:37.450291,16.0,9.0,1,47,Flat,2019-02-01,Assured Shorthold,3,False,False,£25k–£40k,30
200,368,Tenant 200,7733213949,tenant200@example.com,2021-08-11 08:40:37.450294,20.0,,2,29,Flat,2020-10-20,Assured Shorthold,2,False,True,£15k–£25k,54
201,468,Tenant 201,7694425527,tenant201@example.com,2023-06-24 08:40:37.450297,,,1,73,Flat,2019-12-16,License,2,False,False,£15k–£25k,41
202,84,Tenant 202,7515652006,tenant202@example.com,2018-04-20 08:40:37.450301,6.0,4.0,8,8,Flat,2020-04-28,Secure,2,False,False,£15k–£25k,19
203,246,Tenant 203,7549502766,tenant203@example.com,2018-02-26 08:40:37.450304,19.0,,6,47,Flat,2018-12-06,Secure,2,False,False,£15k–£25k,31
204,166,Tenant 204,7837733572,tenant204@example.com,2018-11-02 08:40:37.450306,9.0,5.0,1,103,Flat,2015-02-24,Introductory,4,False,False,£25k–£40k,27
205,164,Tenant 205,7714947283,tenant205@example.com,2021-07-08 08:40:37.450309,6.0,4.0,4,8,Flat,2020-05-31,Secure,3,False,False,<£15k,52
206,200,Tenant 206,7611382735,tenant206@example.com,2020-10-22 08:40:37.450311,10.0,5.0,3,80,Flat,2015-06-21,License,1,False,False,£15k–£25k,42
207,229,Tenant 207,7184777341,tenant207@example.com,2019-09-25 08:40:37.450314,19.0,,1,47,Flat,2018-05-21,Secure,4,False,False,<£15k,20
208,75,Tenant 208,7866979905,tenant208@example.com,2023-10-09 08:40:37.450316,4.0,2.0,5,51,House,2015-06-27,License,2,False,False,£15k–£25k,34
209,479,Tenant 209,7639127345,tenant209@example.com,2017-10-03 08:40:37.450318,,,1,73,Flat,2020-08-27,Secure,4,False,False,£15k–£25k,29
210,359,Tenant 210,7654928450,tenant210@example.com,2015-03-09 08:40:37.450321,19.0,,1,47,Flat,2020-09-04,Introductory,3,False,False,£15k–£25k,71
211,251,Tenant 211,7713627778,tenant211@example.com,2016-07-24 08:40:37.450323,18.0,,6,47,Flat,2020-12-07,Assured Shorthold,2,False,False,£40k+,41
212,120,Tenant 212,7766013190,tenant212@example.com,2022-07-05 08:40:37.450326,7.0,4.0,5,98,House,2017-03-04,License,1,False,False,£15k–£25k,46
213,311,Tenant 213,7229151674,tenant213@example.com,2015-09-02 08:40:37.450328,20.0,,8,29,Flat,2017-03-09,Secure,2,False,True,£25k–£40k,60
214,300,Tenant 214,7582152746,tenant214@example.com,2022-03-22 08:40:37.450331,19.0,,8,47,Flat,2021-11-06,Assured Shorthold,2,False,False,£15k–£25k,42
215,256,Tenant 215,7279491823,tenant215@example.com,2021-10-14 08:40:37.450333,22.0,,3,71,Block of Flats,2019-09-02,License,3,False,False,£15k–£25k,77
216,355,Tenant 216,7968078090,tenant216@example.com,2021-12-31 08:40:37.450336,21.0,,8,74,House,2020-12-31,Assured Shorthold,2,False,False,<£15k,82
217,400,Tenant 217,7235491190,tenant217@example.com,2023-09-07 08:40:37.450338,21.0,,1,74,Flat,2015-02-13,Assured Shorthold,1,False,False,<£15k,45
218,226,Tenant 218,7554595339,tenant218@example.com,2023-04-14 08:40:37.450341,22.0,,2,71,Flat,2022-07-27,Assured Shorthold,3,False,False,£15k–£25k,33
219,354,Tenant 219,7833500385,tenant219@example.com,2019-04-12 08:40:37.450343,22.0,,8,71,Flat,2020-06-17,Assured Shorthold,5,False,False,£15k–£25k,64
220,235,Tenant 220,7316809172,tenant220@example.com,2017-02-15 08:40:37.450346,20.0,,4,29,Flat,2020-08-01,Assured Shorthold,2,False,False,<£15k,75
221,383,Tenant 221,7258783057,tenant221@example.com,2017-06-27 08:40:37.450348,18.0,,4,47,Flat,2022-09-26,Assured Shorthold,1,False,False,<£15k,44
222,275,Tenant 222,7376903372,tenant222@example.com,2020-07-29 08:40:37.450352,21.0,,1,74,Flat,2023-08-23,License,2,False,False,<£15k,70
223,37,Tenant 223,7880720904,tenant223@example.com,2023-05-30 08:40:37.450355,10.0,5.0,4,80,Flat,2015-06-27,Secure,1,False,False,£40k+,59
224,197,Tenant 224,7193445007,tenant224@example.com,2019-10-23 08:40:37.450357,5.0,3.0,2,78,Flat,2021-01-25,Secure,4,False,False,£15k–£25k,76
225,140,Tenant 225,7697391512,tenant225@example.com,2019-09-15 08:40:37.450360,1.0,1.0,1,66,Flat,2022-08-22,License,1,False,False,£15k–£25k,64
226,365,Tenant 226,7692763677,tenant226@example.com,2020-07-03 08:40:37.450362,21.0,,7,74,Flat,2022-09-11,Introductory,2,False,False,<£15k,51
227,245,Tenant 227,7396568375,tenant227@example.com,2018-05-02 08:40:37.450365,20.0,,7,29,Block of Flats,2019-01-15,Assured Shorthold,2,False,False,£15k–£25k,54
228,440,Tenant 228,7591942526,tenant228@example.com,2024-01-09 08:40:37.450367,,,3,73,House,2015-01-29,Assured Shorthold,2,True,False,<£15k,23
229,287,Tenant 229,7944552318,tenant229@example.com,2016-04-22 08:40:37.450370,19.0,,1,47,Flat,2020-01-17,Secure,3,False,False,<£15k,24
230,60,Tenant 230,7769003354,tenant230@example.com,2017-07-28 08:40:37.450372,15.0,9.0,5,23,Flat,2020-06-01,Secure,3,False,False,£15k–£25k,42
231,112,Tenant 231,7661096687,tenant231@example.com,2015-05-25 08:40:37.450374,9.0,5.0,7,103,Flat,2015-06-19,Assured Shorthold,1,False,False,<£15k,50
232,90,Tenant 232,7550535448,tenant232@example.com,2022-11-25 08:40:37.450377,8.0,4.0,2,15,Block of Flats,2021-05-26,Secure,1,False,False,<£15k,72
233,437,Tenant 233,7545004139,tenant233@example.com,2022-06-26 08:40:37.450380,,,8,73,House,2019-06-09,Assured Shorthold,1,False,False,<£15k,75
234,7,Tenant 234,7259128258,tenant234@example.com,2017-10-22 08:40:37.450383,2.0,1.0,5,15,Flat,2020-05-07,Secure,4,False,False,<£15k,24
235,361,Tenant 235,7731289471,tenant235@example.com,2017-08-17 08:40:37.450385,21.0,,4,74,Flat,2017-09-11,License,4,False,False,<£15k,74
236,347,Tenant 236,7914301516,tenant236@example.com,2023-01-14 08:40:37.450388,20.0,,3,29,Block of Flats,2022-12-20,License,2,False,False,£15k–£25k,29
237,339,Tenant 237,7213424523,tenant237@example.com,2017-11-07 08:40:37.450390,20.0,,4,29,Flat,2020-12-22,Assured Shorthold,3,False,False,£25k–£40k,33
238,159,Tenant 238,7937029745,tenant238@example.com,2023-01-11 08:40:37.450394,9.0,5.0,1,103,Flat,2015-01-17,Assured Shorthold,3,False,False,£15k–£25k,60
239,151,Tenant 239,7943687944,tenant239@example.com,2020-12-14 08:40:37.450396,8.0,4.0,3,15,Flat,2015-01-16,Secure,1,True,False,£15k–£25k,24
240,178,Tenant 240,7675132064,tenant240@example.com,2020-04-21 08:40:37.450398,16.0,9.0,3,47,Block of Flats,2015-10-17,Introductory,4,False,False,<£15k,68
241,394,Tenant 241,7541189818,tenant241@example.com,2021-03-14 08:40:37.450403,21.0,,8,74,Flat,2020-01-12,Assured Shorthold,2,False,False,£40k+,49
242,185,Tenant 242,7511289794,tenant242@example.com,2016-10-25 08:40:37.450405,14.0,9.0,1,24,Flat,2016-04-19,Secure,2,False,False,£15k–£25k,25
243,450,Tenant 243,7621392697,tenant243@example.com,2017-09-29 08:40:37.450408,,,6,73,Flat,2015-11-18,License,2,False,False,<£15k,62
244,11,Tenant 244,7753868135,tenant244@example.com,2018-11-09 08:40:37.450410,17.0,10.0,3,25,Flat,2022-08-07,Introductory,1,False,False,£15k–£25k,76
245,381,Tenant 245,7140228456,tenant245@example.com,2022-03-25 08:40:37.450412,21.0,,8,74,Flat,2018-08-06,License,1,False,False,<£15k,21
246,104,Tenant 246,7395723682,tenant246@example.com,2019-08-23 08:40:37.450415,4.0,2.0,4,51,Flat,2024-07-04,Assured Shorthold,3,False,False,£15k–£25k,84
247,82,Tenant 247,7254460628,tenant247@example.com,2017-03-24 08:40:37.450418,9.0,5.0,4,103,Flat,2022-10-03,Assured Shorthold,1,False,False,£15k–£25k,46
248,39,Tenant 248,7753538609,tenant248@example.com,2016-07-11 08:40:37.450420,4.0,2.0,1,51,House,2018-04-21,Assured Shorthold,3,True,False,£25k–£40k,46
249,315,Tenant 249,7844813102,tenant249@example.com,2019-08-28 08:40:37.450422,22.0,,3,71,Flat,2020-02-28,License,1,False,False,£15k–£25k,45
250,168,Tenant 250,7141642429,tenant250@example.com,2019-09-21 08:40:37.450425,14.0,9.0,7,24,Flat,2022-03-04,Introductory,2,True,False,£25k–£40k,61
251,470,Tenant 251,7455939049,tenant251@example.com,2016-06-01 08:40:37.450427,,,4,73,Flat,2019-09-11,Secure,2,False,False,£40k+,21
252,297,Tenant 252,7355098831,tenant252@example.com,2023-08-11 08:40:37.450430,20.0,,6,29,House,2015-06-27,Secure,2,False,False,<£15k,26
253,475,Tenant 253,7900742774,tenant253@example.com,2018-10-31 08:40:37.450432,,,3,73,House,2017-11-07,Secure,3,True,True,<£15k,22
254,199,Tenant 254,7388390253,tenant254@example.com,2019-12-26 08:40:37.450435,1.0,1.0,5,66,Flat,2019-12-18,Introductory,2,False,False,£15k–£25k,73
255,298,Tenant 255,7121724902,tenant255@example.com,2020-05-16 08:40:37.450437,22.0,,7,71,House,2021-05-09,License,2,False,False,£15k–£25k,67
256,417,Tenant 256,7977661452,tenant256@example.com,2015-04-06 08:40:37.450440,19.0,,5,47,Flat,2021-07-25,Secure,2,False,False,£15k–£25k,32
257,147,Tenant 257,7425402780,tenant257@example.com,2020-09-03 08:40:37.450442,3.0,1.0,3,57,House,2019-11-02,Assured Shorthold,3,False,False,£40k+,49
258,393,Tenant 258,7401019924,tenant258@example.com,2018-08-25 08:40:37.450445,19.0,,8,47,House,2016-11-27,Secure,4,False,False,£25k–£40k,45
259,148,Tenant 259,7847520637,tenant259@example.com,2016-06-24 08:40:37.450447,4.0,2.0,3,51,House,2019-11-14,License,3,True,False,£15k–£25k,39
260,448,Tenant 260,7205460113,tenant260@example.com,2021-08-09 08:40:37.450450,,,6,73,Flat,2019-10-07,Introductory,1,False,False,£15k–£25k,34
261,288,Tenant 261,7244295352,tenant261@example.com,2020-10-16 08:40:37.450454,22.0,,5,71,House,2020-07-27,Introductory,1,False,False,£25k–£40k,76
262,124,Tenant 262,7898567178,tenant262@example.com,2019-03-12 08:40:37.450456,13.0,8.0,7,37,Flat,2018-03-25,Assured Shorthold,2,False,False,£40k+,74
263,369,Tenant 263,7931109347,tenant263@example.com,2020-07-24 08:40:37.450459,22.0,,3,71,House,2022-03-23,Assured Shorthold,2,True,False,£25k–£40k,43
264,97,Tenant 264,7389287503,tenant264@example.com,2015-12-27 08:40:37.450461,5.0,3.0,2,78,Flat,2023-12-16,Secure,1,False,False,<£15k,42
265,144,Tenant 265,7547506309,tenant265@example.com,2017-05-18 08:40:37.450464,9.0,5.0,8,103,Flat,2015-08-07,Secure,2,False,False,£15k–£25k,27
266,240,Tenant 266,7793159203,tenant266@example.com,2023-02-28 08:40:37.450466,21.0,,8,74,Block of Flats,2024-03-05,Introductory,2,False,False,<£15k,62
267,443,Tenant 267,7301794412,tenant267@example.com,2019-03-17 08:40:37.450469,,,1,73,Flat,2023-06-01,Introductory,2,False,False,<£15k,28
268,98,Tenant 268,7326978821,tenant268@example.com,2019-08-06 08:40:37.450471,15.0,9.0,4,23,House,2022-05-31,License,3,False,False,<£15k,70
269,408,Tenant 269,7895583423,tenant269@example.com,2018-09-23 08:40:37.450474,21.0,,8,74,Flat,2023-09-16,License,1,False,False,£15k–£25k,45
270,123,Tenant 270,7915499713,tenant270@example.com,2018-05-15 08:40:37.450476,15.0,9.0,2,23,Flat,2018-02-20,Assured Shorthold,1,False,False,£15k–£25k,82
271,184,Tenant 271,7501483027,tenant271@example.com,2023-07-13 08:40:37.450479,11.0,6.0,3,49,House,2016-06-26,Introductory,3,False,False,<£15k,66
272,203,Tenant 272,7653266624,tenant272@example.com,2015-04-15 08:40:37.450481,1.0,1.0,7,66,Flat,2023-12-21,License,2,True,False,£15k–£25k,64
273,247,Tenant 273,7270695366,tenant273@example.com,2023-06-05 08:40:37.450484,20.0,,1,29,House,2016-03-20,Introductory,3,False,True,£15k–£25k,69
274,306,Tenant 274,7434065879,tenant274@example.com,2016-03-15 08:40:37.450486,18.0,,5,47,Flat,2019-03-24,Secure,2,False,False,£15k–£25k,71
275,299,Tenant 275,7644167285,tenant275@example.com,2019-08-21 08:40:37.450489,21.0,,5,74,Block of Flats,2016-11-05,Assured Shorthold,1,False,False,<£15k,77
276,352,Tenant 276,7245652883,tenant276@example.com,2015-05-30 08:40:37.450491,22.0,,1,71,House,2018-07-06,Secure,3,False,False,£15k–£25k,74
277,387,Tenant 277,7662948033,tenant277@example.com,2017-10-13 08:40:37.450494,22.0,,3,71,Flat,2022-11-05,License,3,False,False,£25k–£40k,64
278,396,Tenant 278,7131082848,tenant278@example.com,2022-03-19 08:40:37.450496,18.0,,4,47,Block of Flats,2015-07-21,Assured Shorthold,3,True,False,<£15k,48
279,285,Tenant 279,7306978174,tenant279@example.com,2021-11-28 08:40:37.450499,19.0,,2,47,House,2021-05-15,Secure,2,False,False,<£15k,63
280,126,Tenant 280,7998696871,tenant280@example.com,2023-07-07 08:40:37.450503,2.0,1.0,8,15,Flat,2024-01-01,Assured Shorthold,2,False,False,£15k–£25k,43
281,303,Tenant 281,7367888133,tenant281@example.com,2023-10-16 08:40:37.450506,20.0,,3,29,House,2015-03-18,Assured Shorthold,2,False,False,£40k+,22
282,224,Tenant 282,7590108029,tenant282@example.com,2023-08-05 08:40:37.450509,17.0,10.0,4,25,Flat,2017-08-20,Secure,1,False,False,£15k–£25k,69
283,419,Tenant 283,7486949792,tenant283@example.com,2016-04-04 08:40:37.450511,22.0,,8,71,Flat,2015-02-23,Secure,4,False,False,£15k–£25k,71
284,220,Tenant 284,7313792490,tenant284@example.com,2021-02-01 08:40:37.450514,2.0,1.0,7,15,House,2019-08-07,Assured Shorthold,1,False,False,£15k–£25k,50
285,130,Tenant 285,7495514868,tenant285@example.com,2018-12-15 08:40:37.450516,16.0,9.0,4,47,Flat,2022-09-15,Assured Shorthold,5,False,False,£15k–£25k,67
286,421,Tenant 286,7642375317,tenant286@example.com,2019-09-17 08:40:37.450519,19.0,,2,47,Flat,2016-10-24,Introductory,2,False,False,<£15k,55
287,290,Tenant 287,7782266083,tenant287@example.com,2022-10-09 08:40:37.450521,18.0,,8,47,Flat,2016-04-16,Assured Shorthold,1,False,False,£15k–£25k,44
288,445,Tenant 288,7831405402,tenant288@example.com,2023-10-26 08:40:37.450525,,,4,73,House,2019-02-27,Introductory,2,False,True,£40k+,32
289,377,Tenant 289,7359779054,tenant289@example.com,2019-12-26 08:40:37.450530,22.0,,4,71,Block of Flats,2017-10-20,Assured Shorthold,4,False,False,£15k–£25k,78
290,292,Tenant 290,7624830763,tenant290@example.com,2017-07-01 08:40:37.450536,20.0,,3,29,House,2020-10-05,Assured Shorthold,3,False,True,£25k–£40k,38
291,356,Tenant 291,7578999915,tenant291@example.com,2022-03-03 08:40:37.450540,20.0,,7,29,Flat,2019-01-27,Introductory,3,True,False,£25k–£40k,63
292,295,Tenant 292,7609578849,tenant292@example.com,2017-07-31 08:40:37.450548,22.0,,2,71,House,2020-04-23,Assured Shorthold,3,False,False,<£15k,23
293,397,Tenant 293,7691990078,tenant293@example.com,2020-03-28 08:40:37.450552,22.0,,8,71,Flat,2024-02-10,Secure,3,False,False,£40k+,55
294,341,Tenant 294,7469634556,tenant294@example.com,2022-04-30 08:40:37.450555,20.0,,3,29,Flat,2015-09-12,Secure,3,False,False,<£15k,79
295,113,Tenant 295,7999423880,tenant295@example.com,2021-04-05 08:40:37.450557,3.0,1.0,8,57,Flat,2016-07-16,Introductory,1,False,False,£15k–£25k,79
296,180,Tenant 296,7904190892,tenant296@example.com,2016-06-08 08:40:37.450560,6.0,4.0,3,8,House,2019-10-06,Assured Shorthold,2,False,False,<£15k,63
297,308,Tenant 297,7197057590,tenant297@example.com,2020-12-18 08:40:37.450562,18.0,,2,47,Flat,2019-06-19,Assured Shorthold,1,False,False,<£15k,30
298,433,Tenant 298,7129474736,tenant298@example.com,2019-10-29 08:40:37.450565,,,5,73,Flat,2023-03-05,Secure,5,False,False,£15k–£25k,20
299,488,Tenant 299,7153312407,tenant299@example.com,2022-05-02 08:40:37.450567,,,4,73,Flat,2016-05-12,Secure,4,True,False,<£15k,23
300,482,Tenant 300,7714457408,tenant300@example.com,2015-06-01 08:40:37.450572,,,6,73,Flat,2019-02-23,Secure,1,False,False,£15k–£25k,25
301,423,Tenant 301,7330122826,tenant301@example.com,2021-09-05 08:40:37.450574,19.0,,6,47,Flat,2019-12-16,Secure,3,False,False,£15k–£25k,61
302,234,Tenant 302,7795118868,tenant302@example.com,2021-08-20 08:40:37.450577,20.0,,4,29,Flat,2017-05-25,Assured Shorthold,4,True,False,<£15k,50
303,312,Tenant 303,7827669728,tenant303@example.com,2021-11-04 08:40:37.450579,19.0,,7,47,Flat,2017-12-24,Secure,1,False,False,<£15k,67
304,165,Tenant 304,7388926290,tenant304@example.com,2016-11-08 08:40:37.450582,15.0,9.0,2,23,House,2016-07-08,Assured Shorthold,2,False,False,£15k–£25k,28
305,137,Tenant 305,7539705006,tenant305@example.com,2018-05-28 08:40:37.450584,4.0,2.0,1,51,Flat,2022-10-04,License,4,False,False,£15k–£25k,45
306,198,Tenant 306,7121531054,tenant306@example.com,2015-05-30 08:40:37.450586,14.0,9.0,4,24,Block of Flats,2019-07-30,Secure,1,False,False,£25k–£40k,58
307,259,Tenant 307,7924174943,tenant307@example.com,2016-07-05 08:40:37.450589,19.0,,8,47,Block of Flats,2017-08-11,Assured Shorthold,3,False,False,£15k–£25k,33
308,233,Tenant 308,7109554136,tenant308@example.com,2018-11-05 08:40:37.450592,20.0,,4,29,House,2019-02-13,Introductory,2,False,True,£25k–£40k,65
309,116,Tenant 309,7242071170,tenant309@example.com,2016-11-25 08:40:37.450594,10.0,5.0,4,80,House,2018-06-29,Secure,4,False,False,£15k–£25k,73
310,121,Tenant 310,7285972787,tenant310@example.com,2017-06-02 08:40:37.450597,2.0,1.0,8,15,Block of Flats,2020-07-28,Assured Shorthold,5,False,False,£15k–£25k,81
311,350,Tenant 311,7959922040,tenant311@example.com,2024-01-25 08:40:37.450599,21.0,,7,74,Block of Flats,2015-04-15,Introductory,4,False,False,£15k–£25k,76
312,225,Tenant 312,7340271240,tenant312@example.com,2021-05-01 08:40:37.450602,15.0,9.0,2,23,Flat,2020-01-14,License,2,False,False,<£15k,79
313,403,Tenant 313,7753204271,tenant313@example.com,2020-09-25 08:40:37.450604,18.0,,3,47,Flat,2023-10-17,Secure,4,False,False,£15k–£25k,28
314,398,Tenant 314,7865299271,tenant314@example.com,2016-03-16 08:40:37.450607,19.0,,6,47,House,2019-08-14,License,3,False,False,£25k–£40k,35
315,128,Tenant 315,7790137154,tenant315@example.com,2021-01-27 08:40:37.450609,6.0,4.0,1,8,Block of Flats,2018-07-06,Assured Shorthold,2,False,False,£15k–£25k,36
316,286,Tenant 316,7555059083,tenant316@example.com,2019-12-09 08:40:37.450611,19.0,,3,47,Flat,2017-12-16,Secure,3,False,True,£25k–£40k,72
317,412,Tenant 317,7474423649,tenant317@example.com,2019-01-05 08:40:37.450614,22.0,,8,71,Flat,2022-10-21,Assured Shorthold,1,False,False,£25k–£40k,43
318,108,Tenant 318,7370581558,tenant318@example.com,2021-09-18 08:40:37.450616,11.0,6.0,4,49,Flat,2021-09-23,License,2,False,False,£25k–£40k,23
319,371,Tenant 319,7601113183,tenant319@example.com,2020-10-09 08:40:37.450620,20.0,,4,29,House,2022-02-06,Assured Shorthold,1,False,False,£40k+,21
320,326,Tenant 320,7827133833,tenant320@example.com,2018-04-28 08:40:37.450623,19.0,,6,47,Flat,2018-11-25,Secure,1,True,False,£15k–£25k,46
321,134,Tenant 321,7985097007,tenant321@example.com,2017-03-02 08:40:37.450625,9.0,5.0,5,103,Flat,2016-06-13,Assured Shorthold,1,False,False,£15k–£25k,76
322,453,Tenant 322,7526439295,tenant322@example.com,2017-08-09 08:40:37.450628,,,6,73,Flat,2020-11-16,Secure,3,False,False,£15k–£25k,34
323,45,Tenant 323,7209856785,tenant323@example.com,2024-01-29 08:40:37.450631,8.0,4.0,4,15,House,2018-03-18,Secure,2,False,False,£15k–£25k,60
324,461,Tenant 324,7649233665,tenant324@example.com,2016-09-24 08:40:37.450634,,,2,73,House,2023-04-10,Secure,3,False,False,£15k–£25k,83
325,66,Tenant 325,7501826151,tenant325@example.com,2017-11-12 08:40:37.450636,14.0,9.0,2,24,House,2016-01-01,Secure,1,False,False,£25k–£40k,51
326,284,Tenant 326,7795078308,tenant326@example.com,2017-07-02 08:40:37.450639,21.0,,7,74,Flat,2021-04-09,Secure,2,False,True,£15k–£25k,25
327,86,Tenant 327,7753962570,tenant327@example.com,2020-12-28 08:40:37.450642,17.0,10.0,3,25,Flat,2016-02-16,Secure,2,False,True,£15k–£25k,30
328,243,Tenant 328,7420486085,tenant328@example.com,2016-06-26 08:40:37.450644,22.0,,4,71,House,2018-11-18,Assured Shorthold,3,False,False,<£15k,25
329,187,Tenant 329,7216076355,tenant329@example.com,2018-10-04 08:40:37.450647,8.0,4.0,2,15,Flat,2015-06-19,Secure,2,False,False,£15k–£25k,82
330,384,Tenant 330,7168544512,tenant330@example.com,2020-05-22 08:40:37.450649,21.0,,5,74,Flat,2015-10-31,Secure,3,True,False,<£15k,60
331,160,Tenant 331,7396871629,tenant331@example.com,2016-12-23 08:40:37.450652,1.0,1.0,4,66,House,2019-11-27,Introductory,4,False,False,£25k–£40k,56
332,13,Tenant 332,7449113269,tenant332@example.com,2021-01-20 08:40:37.450655,17.0,10.0,3,25,Flat,2016-09-02,Assured Shorthold,3,False,False,£15k–£25k,76
333,36,Tenant 333,7380404354,tenant333@example.com,2016-10-20 08:40:37.450658,13.0,8.0,5,37,Flat,2018-05-03,Assured Shorthold,1,False,False,<£15k,61
334,29,Tenant 334,7863531123,tenant334@example.com,2016-11-08 08:40:37.450661,8.0,4.0,8,15,Flat,2021-05-08,Secure,1,False,False,<£15k,26
335,171,Tenant 335,7420824516,tenant335@example.com,2022-01-18 08:40:37.450664,4.0,2.0,8,51,Flat,2023-05-29,Secure,4,False,False,£15k–£25k,54
336,143,Tenant 336,7260985353,tenant336@example.com,2018-05-12 08:40:37.450667,12.0,7.0,4,80,House,2018-06-28,Secure,1,False,False,£15k–£25k,53
337,399,Tenant 337,7921921869,tenant337@example.com,2021-06-19 08:40:37.450670,18.0,,8,47,Flat,2018-10-04,Secure,4,False,False,£15k–£25k,45
338,343,Tenant 338,7160961339,tenant338@example.com,2017-06-07 08:40:37.450673,19.0,,3,47,Block of Flats,2015-10-10,Secure,2,False,False,<£15k,59
339,222,Tenant 339,7533897383,tenant339@example.com,2016-10-02 08:40:37.450677,4.0,2.0,3,51,House,2019-11-13,Secure,4,True,False,£15k–£25k,60
340,96,Tenant 340,7443152572,tenant340@example.com,2016-07-11 08:40:37.450680,8.0,4.0,6,15,Flat,2022-10-17,Secure,3,False,False,£15k–£25k,59
341,52,Tenant 341,7250248163,tenant341@example.com,2016-01-27 08:40:37.450683,15.0,9.0,6,23,Flat,2022-11-27,Secure,5,False,False,£15k–£25k,83
342,241,Tenant 342,7127332385,tenant342@example.com,2016-10-23 08:40:37.450687,20.0,,2,29,House,2019-12-31,Assured Shorthold,2,False,False,£15k–£25k,72
343,485,Tenant 343,7634050001,tenant343@example.com,2020-11-05 08:40:37.450690,,,5,73,House,2020-07-23,Secure,3,False,False,£15k–£25k,65
344,379,Tenant 344,7378556835,tenant344@example.com,2019-06-20 08:40:37.450693,22.0,,2,71,Flat,2020-07-21,Secure,2,False,False,<£15k,39
345,179,Tenant 345,7534434754,tenant345@example.com,2019-10-22 08:40:37.450696,17.0,10.0,1,25,House,2024-03-24,Assured Shorthold,2,False,False,£40k+,44
346,42,Tenant 346,7891060070,tenant346@example.com,2023-10-07 08:40:37.450698,1.0,1.0,7,66,Flat,2023-10-26,Assured Shorthold,3,False,False,£15k–£25k,84
347,499,Tenant 347,7726016935,tenant347@example.com,2016-03-21 08:40:37.450701,,,1,73,Flat,2015-06-25,Secure,4,False,False,£15k–£25k,30
348,422,Tenant 348,7714225883,tenant348@example.com,2022-01-12 08:40:37.450704,22.0,,2,71,Flat,2015-10-18,Introductory,5,False,False,<£15k,62
349,207,Tenant 349,7468472812,tenant349@example.com,2016-01-06 08:40:37.450706,11.0,6.0,8,49,Block of Flats,2017-07-05,Assured Shorthold,3,False,False,£15k–£25k,27
350,283,Tenant 350,7865974442,tenant350@example.com,2021-09-01 08:40:37.450708,18.0,,6,47,Flat,2020-05-31,Secure,2,True,False,<£15k,26
351,255,Tenant 351,7836928463,tenant351@example.com,2018-03-02 08:40:37.450711,22.0,,1,71,Flat,2024-03-29,Introductory,2,False,False,£15k–£25k,71
352,413,Tenant 352,7785383997,tenant352@example.com,2015-05-12 08:40:37.450713,20.0,,6,29,Flat,2018-06-27,License,3,True,False,£40k+,44
353,5,Tenant 353,7610816782,tenant353@example.com,2016-08-17 08:40:37.450716,16.0,9.0,3,47,House,2019-05-09,Secure,1,False,False,£15k–£25k,51
354,257,Tenant 354,7484933362,tenant354@example.com,2018-06-22 08:40:37.450719,20.0,,7,29,Flat,2016-05-27,Secure,1,False,False,<£15k,18
355,449,Tenant 355,7422331737,tenant355@example.com,2022-04-03 08:40:37.450721,,,7,73,House,2019-04-04,Introductory,2,False,False,<£15k,49
356,101,Tenant 356,7806108387,tenant356@example.com,2017-11-25 08:40:37.450724,11.0,6.0,7,49,Flat,2022-02-09,Assured Shorthold,2,False,True,£15k–£25k,84
357,227,Tenant 357,7294493146,tenant357@example.com,2020-11-12 08:40:37.450727,20.0,,5,29,Flat,2023-08-03,Secure,2,True,True,<£15k,37
358,430,Tenant 358,7204800493,tenant358@example.com,2018-11-18 08:40:37.450731,,,4,73,Flat,2016-08-27,Secure,1,False,False,<£15k,52
359,214,Tenant 359,7237378973,tenant359@example.com,2015-11-08 08:40:37.450734,17.0,10.0,7,25,House,2015-08-28,Secure,1,False,False,£25k–£40k,34
360,172,Tenant 360,7377725308,tenant360@example.com,2016-01-11 08:40:37.450736,2.0,1.0,5,15,House,2021-11-22,Assured Shorthold,1,True,False,£15k–£25k,35
361,99,Tenant 361,7967952618,tenant361@example.com,2017-11-22 08:40:37.450739,14.0,9.0,6,24,House,2019-11-05,Assured Shorthold,5,False,False,<£15k,62
362,293,Tenant 362,7919177195,tenant362@example.com,2022-02-09 08:40:37.450741,22.0,,1,71,Flat,2024-01-27,Secure,2,False,False,£40k+,70
363,216,Tenant 363,7829835592,tenant363@example.com,2020-05-25 08:40:37.450744,5.0,3.0,5,78,Flat,2020-02-14,Assured Shorthold,2,False,False,<£15k,82
364,62,Tenant 364,7802693852,tenant364@example.com,2023-02-28 08:40:37.450746,17.0,10.0,7,25,Flat,2016-09-17,Assured Shorthold,3,False,False,£40k+,18
365,48,Tenant 365,7338642889,tenant365@example.com,2020-03-05 08:40:37.450749,4.0,2.0,7,51,Flat,2023-06-04,Secure,1,False,False,£15k–£25k,75
366,33,Tenant 366,7339796534,tenant366@example.com,2015-10-25 08:40:37.450751,15.0,9.0,4,23,Block of Flats,2020-12-13,Secure,4,False,False,£25k–£40k,43
367,268,Tenant 367,7429730298,tenant367@example.com,2019-06-12 08:40:37.450754,21.0,,8,74,Block of Flats,2022-04-12,Assured Shorthold,3,False,False,£15k–£25k,37
368,328,Tenant 368,7946205663,tenant368@example.com,2020-06-11 08:40:37.450756,22.0,,7,71,House,2020-04-30,Introductory,1,False,False,£25k–£40k,27
369,201,Tenant 369,7499090969,tenant369@example.com,2021-03-28 08:40:37.450759,10.0,5.0,7,80,Flat,2019-04-04,Assured Shorthold,2,False,False,£40k+,76
370,447,Tenant 370,7728751749,tenant370@example.com,2020-11-11 08:40:37.450761,,,3,73,Flat,2020-08-20,Assured Shorthold,4,False,False,<£15k,58
371,28,Tenant 371,7597959181,tenant371@example.com,2022-11-03 08:40:37.450763,12.0,7.0,2,80,Flat,2021-05-04,Secure,4,False,False,£40k+,22
372,425,Tenant 372,7605234798,tenant372@example.com,2023-07-24 08:40:37.450766,18.0,,8,47,Flat,2021-03-05,Assured Shorthold,2,False,False,£15k–£25k,82
373,231,Tenant 373,7781178315,tenant373@example.com,2017-08-13 08:40:37.450768,22.0,,6,71,Flat,2023-06-01,Assured Shorthold,3,False,False,£15k–£25k,34
374,261,Tenant 374,7723106450,tenant374@example.com,2017-03-14 08:40:37.450771,22.0,,1,71,Flat,2022-10-05,Secure,1,False,False,£15k–£25k,39
375,289,Tenant 375,7176467315,tenant375@example.com,2018-11-12 08:40:37.450773,22.0,,1,71,House,2016-01-05,Secure,5,False,False,£15k–£25k,58
376,163,Tenant 376,7308889819,tenant376@example.com,2018-07-20 08:40:37.450776,4.0,2.0,8,51,Flat,2017-01-08,Secure,1,False,False,<£15k,28
377,426,Tenant 377,7228651382,tenant377@example.com,2016-07-11 08:40:37.450778,,,5,73,House,2023-04-03,Secure,4,False,False,£15k–£25k,73
378,139,Tenant 378,7509814203,tenant378@example.com,2018-03-21 08:40:37.450784,14.0,9.0,7,24,House,2021-11-24,Secure,3,True,False,£15k–£25k,68
379,63,Tenant 379,7420357050,tenant379@example.com,2019-07-12 08:40:37.450787,1.0,1.0,5,66,Flat,2023-03-24,Secure,3,False,False,£25k–£40k,38
380,136,Tenant 380,7158048598,tenant380@example.com,2022-06-21 08:40:37.450789,5.0,3.0,5,78,Flat,2015-01-28,Secure,2,False,False,£25k–£40k,43
381,129,Tenant 381,7247494816,tenant381@example.com,2021-11-30 08:40:37.450792,11.0,6.0,4,49,Flat,2021-08-25,Secure,1,False,False,£15k–£25k,36
382,477,Tenant 382,7467938988,tenant382@example.com,2019-07-28 08:40:37.450794,,,1,73,Flat,2016-11-07,Introductory,1,False,False,£15k–£25k,77
383,9,Tenant 383,7711392447,tenant383@example.com,2019-01-11 08:40:37.450797,11.0,6.0,7,49,Flat,2019-11-16,Assured Shorthold,1,False,False,<£15k,64
384,327,Tenant 384,7253785761,tenant384@example.com,2020-08-12 08:40:37.450799,19.0,,3,47,Flat,2018-10-20,Assured Shorthold,1,False,True,<£15k,43
385,464,Tenant 385,7868443155,tenant385@example.com,2022-02-20 08:40:37.450805,,,1,73,Flat,2018-04-11,Introductory,3,True,True,<£15k,57
386,65,Tenant 386,7936381727,tenant386@example.com,2023-04-03 08:40:37.450810,8.0,4.0,7,15,Flat,2015-02-07,Assured Shorthold,2,False,False,£15k–£25k,22
387,301,Tenant 387,7623535947,tenant387@example.com,2020-06-06 08:40:37.450815,21.0,,1,74,Block of Flats,2022-12-21,Secure,1,False,False,<£15k,38
388,15,Tenant 388,7777566277,tenant388@example.com,2022-03-06 08:40:37.450820,13.0,8.0,8,37,Flat,2017-09-15,Assured Shorthold,5,False,False,£40k+,21
389,157,Tenant 389,7436525794,tenant389@example.com,2017-01-17 08:40:37.450824,13.0,8.0,7,37,Flat,2019-08-02,Assured Shorthold,4,False,False,£15k–£25k,40
390,41,Tenant 390,7162291621,tenant390@example.com,2024-02-09 08:40:37.450827,9.0,5.0,3,103,Block of Flats,2015-04-30,Assured Shorthold,4,False,False,£15k–£25k,32
391,380,Tenant 391,7585388459,tenant391@example.com,2021-02-03 08:40:37.450829,20.0,,1,29,Flat,2018-10-31,Assured Shorthold,5,False,False,£15k–£25k,25
392,469,Tenant 392,7324822604,tenant392@example.com,2015-08-17 08:40:37.450832,,,5,73,Flat,2023-11-23,Secure,1,False,False,<£15k,58
393,404,Tenant 393,7930584689,tenant393@example.com,2022-04-09 08:40:37.450836,18.0,,1,47,Flat,2015-05-06,Secure,2,False,False,£15k–£25k,36
394,217,Tenant 394,7718774770,tenant394@example.com,2015-08-03 08:40:37.450839,5.0,3.0,4,78,House,2022-04-30,Secure,3,False,False,£15k–£25k,63
395,280,Tenant 395,7270118413,tenant395@example.com,2018-09-02 08:40:37.450841,20.0,,2,29,House,2018-02-16,Assured Shorthold,3,False,True,£15k–£25k,45
396,435,Tenant 396,7943113786,tenant396@example.com,2015-08-07 08:40:37.450844,,,4,73,House,2016-07-01,Assured Shorthold,1,False,False,£15k–£25k,32
397,431,Tenant 397,7937252824,tenant397@example.com,2023-03-05 08:40:37.450848,,,1,73,House,2021-11-19,Secure,3,False,True,£40k+,54
398,338,Tenant 398,7238948590,tenant398@example.com,2017-04-09 08:40:37.450850,19.0,,3,47,Flat,2020-05-23,License,1,False,True,£25k–£40k,18
399,237,Tenant 399,7565694083,tenant399@example.com,2017-01-21 08:40:37.450853,22.0,,6,71,House,2023-04-10,Assured Shorthold,1,False,False,£15k–£25k,84
400,208,Tenant 400,7561075177,tenant400@example.com,2019-08-21 08:40:37.450855,17.0,10.0,4,25,Flat,2016-02-11,Secure,2,False,False,£15k–£25k,41
401,213,Tenant 401,7560662565,tenant401@example.com,2018-10-22 08:40:37.450858,6.0,4.0,5,8,Block of Flats,2022-04-12,Secure,2,False,False,£15k–£25k,44
402,296,Tenant 402,7511582876,tenant402@example.com,2024-02-09 08:40:37.450860,18.0,,4,47,Flat,2022-09-16,Secure,2,False,False,<£15k,57
403,458,Tenant 403,7140507249,tenant403@example.com,2018-03-05 08:40:37.450863,,,8,73,House,2023-01-06,Secure,1,False,False,£15k–£25k,80
404,252,Tenant 404,7314119421,tenant404@example.com,2015-12-20 08:40:37.450865,19.0,,1,47,Flat,2021-03-08,Secure,4,True,False,<£15k,78
405,489,Tenant 405,7500614581,tenant405@example.com,2024-01-02 08:40:37.450869,,,1,73,Block of Flats,2015-12-20,Secure,2,False,True,£15k–£25k,53
406,487,Tenant 406,7445973716,tenant406@example.com,2015-09-03 08:40:37.450872,,,3,73,Flat,2024-06-19,Secure,1,False,False,£15k–£25k,41
407,304,Tenant 407,7994672466,tenant407@example.com,2018-03-16 08:40:37.450874,22.0,,6,71,Block of Flats,2015-08-19,Secure,4,False,False,<£15k,41
408,351,Tenant 408,7304630191,tenant408@example.com,2023-12-17 08:40:37.450877,18.0,,4,47,House,2021-02-08,Introductory,5,False,False,£40k+,21
409,270,Tenant 409,7826652789,tenant409@example.com,2024-02-12 08:40:37.450879,22.0,,3,71,House,2018-06-22,Secure,4,False,False,£40k+,84
410,202,Tenant 410,7772899961,tenant410@example.com,2015-12-08 08:40:37.450881,6.0,4.0,8,8,Flat,2017-08-07,Assured Shorthold,3,False,True,£25k–£40k,51
411,162,Tenant 411,7367171793,tenant411@example.com,2021-08-16 08:40:37.450884,14.0,9.0,1,24,Block of Flats,2021-08-01,Assured Shorthold,3,False,False,£15k–£25k,74
412,44,Tenant 412,7844666527,tenant412@example.com,2020-04-19 08:40:37.450886,12.0,7.0,8,80,Flat,2015-01-30,License,2,True,False,£25k–£40k,66
413,218,Tenant 413,7435106513,tenant413@example.com,2022-09-18 08:40:37.450889,2.0,1.0,5,15,House,2017-06-27,Secure,1,True,False,<£15k,70
414,402,Tenant 414,7210282113,tenant414@example.com,2019-11-10 08:40:37.450891,22.0,,4,71,House,2018-08-20,Secure,2,False,False,£25k–£40k,40
415,191,Tenant 415,7640453426,tenant415@example.com,2017-07-23 08:40:37.450894,12.0,7.0,7,80,Flat,2019-09-02,License,2,False,False,<£15k,70
416,310,Tenant 416,7428688580,tenant416@example.com,2022-04-15 08:40:37.450896,22.0,,6,71,Flat,2021-08-10,Introductory,2,False,False,£25k–£40k,79
417,260,Tenant 417,7170101400,tenant417@example.com,2023-08-25 08:40:37.450900,22.0,,3,71,Flat,2018-02-20,Introductory,3,False,False,<£15k,58
418,106,Tenant 418,7420192227,tenant418@example.com,2020-11-24 08:40:37.450903,10.0,5.0,2,80,House,2015-02-23,Secure,2,False,False,£25k–£40k,74
419,54,Tenant 419,7589547144,tenant419@example.com,2015-12-31 08:40:37.450906,16.0,9.0,4,47,Flat,2017-07-18,Secure,1,False,False,£40k+,77
420,390,Tenant 420,7658655427,tenant420@example.com,2017-06-22 08:40:37.450909,19.0,,1,47,House,2023-09-08,Assured Shorthold,1,False,False,<£15k,71
421,2,Tenant 421,7662767039,tenant421@example.com,2020-05-16 08:40:37.450912,15.0,9.0,4,23,Flat,2024-01-07,License,3,False,False,£15k–£25k,74
422,442,Tenant 422,7565644493,tenant422@example.com,2016-06-16 08:40:37.450914,,,8,73,House,2022-11-07,Assured Shorthold,1,False,False,£40k+,27
423,483,Tenant 423,7243655310,tenant423@example.com,2020-04-26 08:40:37.450917,,,5,73,Flat,2015-10-31,Assured Shorthold,4,False,False,£15k–£25k,57
424,50,Tenant 424,7626325353,tenant424@example.com,2020-02-18 08:40:37.450920,4.0,2.0,6,51,Flat,2022-08-06,Secure,2,False,False,£25k–£40k,24
425,420,Tenant 425,7905430477,tenant425@example.com,2022-01-18 08:40:37.450922,20.0,,6,29,Flat,2021-10-17,Introductory,2,False,False,£15k–£25k,55
426,81,Tenant 426,7277042316,tenant426@example.com,2019-08-21 08:40:37.450925,17.0,10.0,7,25,Flat,2021-05-23,Secure,2,False,False,£15k–£25k,78
427,206,Tenant 427,7120535029,tenant427@example.com,2021-08-07 08:40:37.450928,10.0,5.0,5,80,Flat,2023-12-28,Secure,3,False,False,<£15k,20
428,35,Tenant 428,7340863230,tenant428@example.com,2016-01-03 08:40:37.450931,8.0,4.0,6,15,Block of Flats,2018-03-19,Assured Shorthold,2,False,False,<£15k,68
429,264,Tenant 429,7240881133,tenant429@example.com,2021-10-16 08:40:37.450933,22.0,,1,71,Flat,2021-10-29,Assured Shorthold,3,False,False,£25k–£40k,64
430,428,Tenant 430,7888208775,tenant430@example.com,2023-12-01 08:40:37.450936,,,4,73,Flat,2016-05-13,Secure,2,True,False,£15k–£25k,55
431,367,Tenant 431,7733177858,tenant431@example.com,2018-07-03 08:40:37.450939,22.0,,6,71,Flat,2019-01-07,Secure,2,False,False,£15k–£25k,53
432,92,Tenant 432,7281445989,tenant432@example.com,2022-10-12 08:40:37.450941,13.0,8.0,4,37,House,2021-04-08,Assured Shorthold,4,False,False,£15k–£25k,58
433,340,Tenant 433,7493624575,tenant433@example.com,2016-03-09 08:40:37.450944,18.0,,4,47,Block of Flats,2015-05-27,Secure,3,False,True,£15k–£25k,30
434,474,Tenant 434,7798512415,tenant434@example.com,2015-04-12 08:40:37.450947,,,4,73,House,2015-03-21,Assured Shorthold,3,True,False,£25k–£40k,75
435,53,Tenant 435,7140118673,tenant435@example.com,2019-12-15 08:40:37.450950,9.0,5.0,3,103,Flat,2024-02-29,Secure,4,True,False,£40k+,67
436,346,Tenant 436,7787539531,tenant436@example.com,2021-04-17 08:40:37.450954,21.0,,7,74,House,2018-11-09,Assured Shorthold,4,False,False,£15k–£25k,47
437,265,Tenant 437,7928123020,tenant437@example.com,2018-03-01 08:40:37.450957,22.0,,3,71,Flat,2019-07-16,Assured Shorthold,3,False,False,£25k–£40k,79
438,242,Tenant 438,7769085879,tenant438@example.com,2023-08-13 08:40:37.450959,21.0,,7,74,Flat,2019-09-12,Secure,3,False,False,£25k–£40k,42
439,14,Tenant 439,7737721108,tenant439@example.com,2023-08-16 08:40:37.450961,11.0,6.0,3,49,House,2017-05-10,Secure,3,False,False,£15k–£25k,44
440,316,Tenant 440,7810784787,tenant440@example.com,2022-12-13 08:40:37.450964,20.0,,8,29,Flat,2022-12-14,Secure,3,False,False,£40k+,68
441,89,Tenant 441,7801762883,tenant441@example.com,2023-12-10 08:40:37.450966,17.0,10.0,4,25,Flat,2020-10-28,Secure,3,True,False,<£15k,74
442,388,Tenant 442,7151791998,tenant442@example.com,2016-06-04 08:40:37.450969,20.0,,7,29,Flat,2019-04-28,License,3,False,False,<£15k,64
443,274,Tenant 443,7224328383,tenant443@example.com,2019-06-27 08:40:37.450971,20.0,,8,29,Flat,2017-01-10,Secure,1,True,False,£25k–£40k,56
444,167,Tenant 444,7577078832,tenant444@example.com,2019-11-24 08:40:37.450975,3.0,1.0,8,57,House,2022-10-19,Introductory,4,False,False,£15k–£25k,33
445,329,Tenant 445,7232709191,tenant445@example.com,2018-01-09 08:40:37.450977,19.0,,8,47,Flat,2015-04-25,Secure,4,False,False,£25k–£40k,39
446,493,Tenant 446,7371375678,tenant446@example.com,2018-11-03 08:40:37.450980,,,1,73,Flat,2016-07-26,Assured Shorthold,1,False,False,£25k–£40k,71
447,135,Tenant 447,7853625262,tenant447@example.com,2022-06-11 08:40:37.450982,16.0,9.0,7,47,House,2019-11-23,Introductory,3,False,True,<£15k,38
448,307,Tenant 448,7320648482,tenant448@example.com,2016-05-13 08:40:37.450985,18.0,,4,47,House,2016-04-09,Assured Shorthold,1,False,False,£25k–£40k,33
449,481,Tenant 449,7836307746,tenant449@example.com,2017-02-03 08:40:37.450987,,,4,73,Block of Flats,2024-02-02,Assured Shorthold,2,False,False,£15k–£25k,76
450,320,Tenant 450,7109990686,tenant450@example.com,2020-10-13 08:40:37.450990,20.0,,6,29,Flat,2017-07-25,Assured Shorthold,3,False,False,£15k–£25k,48
